--OLQ新增数据源支持ORACLE、MYSQL、KYLIN、DB2、PGSQL
--20170626
insert into T_GF_DICT_TYPE (dict_type_id, dict_type_name, appid)
values ('OLQ_DS_PROPS_ORACLE', '联机查询oracle数据源参数', 'default');
insert into T_GF_DICT_TYPE (dict_type_id, dict_type_name, appid)
values ('OLQ_DS_PROPS_MYSQL', '联机查询mysql数据源参数', 'default');
insert into T_GF_DICT_TYPE (dict_type_id, dict_type_name, appid)
values ('OLQ_DS_PROPS_KYLIN', '联机查询kylin数据源参数', 'default');
insert into T_GF_DICT_TYPE (dict_type_id, dict_type_name, appid)
values ('OLQ_DS_PROPS_DB2', '联机查询db2数据源参数', 'default');
insert into T_GF_DICT_TYPE (dict_type_id, dict_type_name, appid)
values ('OLQ_DS_PROPS_PGSQL', '联机查询pgsql数据源参数', 'default');

--OLQ_DS_TYPE
insert into T_GF_DICT (dict_type_id, dict_id, dict_name, status, sort_no, parent_id, seqno, appid, filter)
values ('OLQ_DS_TYPE', 'MYSQL', 'MYSQL', null, 4, null, null, 'default', null);
insert into T_GF_DICT (dict_type_id, dict_id, dict_name, status, sort_no, parent_id, seqno, appid, filter)
values ('OLQ_DS_TYPE', 'DB2', 'DB2', null, 6, null, null, 'default', null);
insert into T_GF_DICT (dict_type_id, dict_id, dict_name, status, sort_no, parent_id, seqno, appid, filter)
values ('OLQ_DS_TYPE', 'ORACLE', 'ORACLE', null, 3, null, null, 'default', null);
insert into T_GF_DICT (dict_type_id, dict_id, dict_name, status, sort_no, parent_id, seqno, appid, filter)
values ('OLQ_DS_TYPE', 'PGSQL', 'PGSQL', null, 5, null, null, 'default', null);
insert into T_GF_DICT (dict_type_id, dict_id, dict_name, status, sort_no, parent_id, seqno, appid, filter)
values ('OLQ_DS_TYPE', 'KYLIN', 'KYLIN', null, 7, null, null, 'default', null);


--OLQ_IMPL_CLASS
insert into T_GF_DICT (dict_type_id, dict_id, dict_name, status, sort_no, parent_id, seqno, appid, filter)
values ('OLQ_IMPL_CLASS', 'MYSQL', 'com.hex.bigdata.udsp.olq.provider.impl.MysqlProvider', null, 4, null, null, 'default', '联机查询的mysql接口实现类');
insert into T_GF_DICT (dict_type_id, dict_id, dict_name, status, sort_no, parent_id, seqno, appid, filter)
values ('OLQ_IMPL_CLASS', 'DB2', 'com.hex.bigdata.udsp.olq.provider.impl.Db2Provider', null, 6, null, null, 'default', '联机查询的db2接口实现类');
insert into T_GF_DICT (dict_type_id, dict_id, dict_name, status, sort_no, parent_id, seqno, appid, filter)
values ('OLQ_IMPL_CLASS', 'PGSQL', 'com.hex.bigdata.udsp.olq.provider.impl.PgsqlProvider', null, 5, null, null, 'default', '联机查询的pgsql接口实现类');
insert into T_GF_DICT (dict_type_id, dict_id, dict_name, status, sort_no, parent_id, seqno, appid, filter)
values ('OLQ_IMPL_CLASS', 'ORACLE', 'com.hex.bigdata.udsp.olq.provider.impl.OracleProvider', null, 3, null, null, 'default', '联机查询的oracle接口实现类');
insert into T_GF_DICT (dict_type_id, dict_id, dict_name, status, sort_no, parent_id, seqno, appid, filter)
values ('OLQ_IMPL_CLASS', 'KYLIN', 'com.hex.bigdata.udsp.olq.provider.impl.KylinProvider', null, 7, null, null, 'default', '联机查询的kylin接口实现类');

--OLQ_DS_PROPS_ORACLE类型
insert into T_GF_DICT (dict_type_id, dict_id, dict_name, status, sort_no, parent_id, seqno, appid, filter)
values ('OLQ_DS_PROPS_ORACLE', 'driver.class', 'oracle 驱动类', null, 1, null, null, 'default', '  
oracle.jdbc.OracleDriver');
insert into T_GF_DICT (dict_type_id, dict_id, dict_name, status, sort_no, parent_id, seqno, appid, filter)
values ('OLQ_DS_PROPS_ORACLE', 'jdbc.url', 'oracle JDBC URL，如：jdbc:oracle:thin:@${ip}:${port}/${model}', null, 2, null, null, 'default', null);
insert into T_GF_DICT (dict_type_id, dict_id, dict_name, status, sort_no, parent_id, seqno, appid, filter)
values ('OLQ_DS_PROPS_ORACLE', 'password', 'oracle 密码', null, 4, null, null, 'default', null);
insert into T_GF_DICT (dict_type_id, dict_id, dict_name, status, sort_no, parent_id, seqno, appid, filter)
values ('OLQ_DS_PROPS_ORACLE', 'username', 'oracle 用户名', null, 3, null, null, 'default', null);
insert into T_GF_DICT (dict_type_id, dict_id, dict_name, status, sort_no, parent_id, seqno, appid, filter)
values ('OLQ_DS_PROPS_ORACLE', 'max.data.size', '最大数据返回条数', null, 17, null, null, 'default', '65535');
insert into T_GF_DICT (dict_type_id, dict_id, dict_name, status, sort_no, parent_id, seqno, appid, filter)
values ('OLQ_DS_PROPS_ORACLE', 'initial.size', '初始连接数', null, 5, null, null, 'default', '5');
insert into T_GF_DICT (dict_type_id, dict_id, dict_name, status, sort_no, parent_id, seqno, appid, filter)
values ('OLQ_DS_PROPS_ORACLE', 'max.active', '最大并发数', null, 8, null, null, 'default', '25');
insert into T_GF_DICT (dict_type_id, dict_id, dict_name, status, sort_no, parent_id, seqno, appid, filter)
values ('OLQ_DS_PROPS_ORACLE', 'max.idle', '最大连接数', null, 7, null, null, 'default', '50');
insert into T_GF_DICT (dict_type_id, dict_id, dict_name, status, sort_no, parent_id, seqno, appid, filter)
values ('OLQ_DS_PROPS_ORACLE', 'max.wait', '最长等待时间，单位毫秒', null, 9, null, null, 'default', '3000');
insert into T_GF_DICT (dict_type_id, dict_id, dict_name, status, sort_no, parent_id, seqno, appid, filter)
values ('OLQ_DS_PROPS_ORACLE', 'min.evictable.idle.time.millis', '空闲连接N毫秒中后释放', null, 13, null, null, 'default', '60000');
insert into T_GF_DICT (dict_type_id, dict_id, dict_name, status, sort_no, parent_id, seqno, appid, filter)
values ('OLQ_DS_PROPS_ORACLE', 'min.idle', '最小空闲连接数', null, 6, null, null, 'default', '2');
insert into T_GF_DICT (dict_type_id, dict_id, dict_name, status, sort_no, parent_id, seqno, appid, filter)
values ('OLQ_DS_PROPS_ORACLE', 'test.on.borrow', '是否从池中取出链接前进行检验', null, 15, null, null, 'default', 'false');
insert into T_GF_DICT (dict_type_id, dict_id, dict_name, status, sort_no, parent_id, seqno, appid, filter)
values ('OLQ_DS_PROPS_ORACLE', 'test.on.return', '是否在归还到池中前进行检验', null, 16, null, null, 'default', 'false');
insert into T_GF_DICT (dict_type_id, dict_id, dict_name, status, sort_no, parent_id, seqno, appid, filter)
values ('OLQ_DS_PROPS_ORACLE', 'test.while.idle', '是否被空闲链接回收器进行检验', null, 14, null, null, 'default', 'true');
insert into T_GF_DICT (dict_type_id, dict_id, dict_name, status, sort_no, parent_id, seqno, appid, filter)
values ('OLQ_DS_PROPS_ORACLE', 'time.between.eviction.runs.millis', 'N毫秒检测一次是否有死掉的线程', null, 12, null, null, 'default', '30000');
insert into T_GF_DICT (dict_type_id, dict_id, dict_name, status, sort_no, parent_id, seqno, appid, filter)
values ('OLQ_DS_PROPS_ORACLE', 'validation.query', '验证链接的SQL语句，必须能返回一行及以上数据', null, 10, null, null, 'default', 'select 1');
insert into T_GF_DICT (dict_type_id, dict_id, dict_name, status, sort_no, parent_id, seqno, appid, filter)
values ('OLQ_DS_PROPS_ORACLE', 'validation.query.timeout', '自动验证连接的时间', null, 11, null, null, 'default', '0');
--OLQ_DS_PROPS_MYSQL类型
insert into T_GF_DICT (dict_type_id, dict_id, dict_name, status, sort_no, parent_id, seqno, appid, filter)
values ('OLQ_DS_PROPS_MYSQL', 'driver.class', 'mysql 驱动类', null, 1, null, null, 'default', 'com.mysql.jdbc.Driver');
insert into T_GF_DICT (dict_type_id, dict_id, dict_name, status, sort_no, parent_id, seqno, appid, filter)
values ('OLQ_DS_PROPS_MYSQL', 'jdbc.url', 'mysql JDBC URL，如：jdbc:mysql://${ip}:${port}', null, 2, null, null, 'default', null);
insert into T_GF_DICT (dict_type_id, dict_id, dict_name, status, sort_no, parent_id, seqno, appid, filter)
values ('OLQ_DS_PROPS_MYSQL', 'password', 'mysql 密码', null, 4, null, null, 'default', null);
insert into T_GF_DICT (dict_type_id, dict_id, dict_name, status, sort_no, parent_id, seqno, appid, filter)
values ('OLQ_DS_PROPS_MYSQL', 'username', 'mysql 用户名', null, 3, null, null, 'default', null);
insert into T_GF_DICT (dict_type_id, dict_id, dict_name, status, sort_no, parent_id, seqno, appid, filter)
values ('OLQ_DS_PROPS_MYSQL', 'max.data.size', '最大数据返回条数', null, 17, null, null, 'default', '65535');
insert into T_GF_DICT (dict_type_id, dict_id, dict_name, status, sort_no, parent_id, seqno, appid, filter)
values ('OLQ_DS_PROPS_MYSQL', 'initial.size', '初始连接数', null, 5, null, null, 'default', '5');
insert into T_GF_DICT (dict_type_id, dict_id, dict_name, status, sort_no, parent_id, seqno, appid, filter)
values ('OLQ_DS_PROPS_MYSQL', 'max.active', '最大并发数', null, 8, null, null, 'default', '25');
insert into T_GF_DICT (dict_type_id, dict_id, dict_name, status, sort_no, parent_id, seqno, appid, filter)
values ('OLQ_DS_PROPS_MYSQL', 'max.idle', '最大连接数', null, 7, null, null, 'default', '50');
insert into T_GF_DICT (dict_type_id, dict_id, dict_name, status, sort_no, parent_id, seqno, appid, filter)
values ('OLQ_DS_PROPS_MYSQL', 'max.wait', '最长等待时间，单位毫秒', null, 9, null, null, 'default', '3000');
insert into T_GF_DICT (dict_type_id, dict_id, dict_name, status, sort_no, parent_id, seqno, appid, filter)
values ('OLQ_DS_PROPS_MYSQL', 'min.evictable.idle.time.millis', '空闲连接N毫秒中后释放', null, 13, null, null, 'default', '60000');
insert into T_GF_DICT (dict_type_id, dict_id, dict_name, status, sort_no, parent_id, seqno, appid, filter)
values ('OLQ_DS_PROPS_MYSQL', 'min.idle', '最小空闲连接数', null, 6, null, null, 'default', '2');
insert into T_GF_DICT (dict_type_id, dict_id, dict_name, status, sort_no, parent_id, seqno, appid, filter)
values ('OLQ_DS_PROPS_MYSQL', 'test.on.borrow', '是否从池中取出链接前进行检验', null, 15, null, null, 'default', 'false');
insert into T_GF_DICT (dict_type_id, dict_id, dict_name, status, sort_no, parent_id, seqno, appid, filter)
values ('OLQ_DS_PROPS_MYSQL', 'test.on.return', '是否在归还到池中前进行检验', null, 16, null, null, 'default', 'false');
insert into T_GF_DICT (dict_type_id, dict_id, dict_name, status, sort_no, parent_id, seqno, appid, filter)
values ('OLQ_DS_PROPS_MYSQL', 'test.while.idle', '是否被空闲链接回收器进行检验', null, 14, null, null, 'default', 'true');
insert into T_GF_DICT (dict_type_id, dict_id, dict_name, status, sort_no, parent_id, seqno, appid, filter)
values ('OLQ_DS_PROPS_MYSQL', 'time.between.eviction.runs.millis', 'N毫秒检测一次是否有死掉的线程', null, 12, null, null, 'default', '30000');
insert into T_GF_DICT (dict_type_id, dict_id, dict_name, status, sort_no, parent_id, seqno, appid, filter)
values ('OLQ_DS_PROPS_MYSQL', 'validation.query', '验证链接的SQL语句，必须能返回一行及以上数据', null, 10, null, null, 'default', 'select 1');
insert into T_GF_DICT (dict_type_id, dict_id, dict_name, status, sort_no, parent_id, seqno, appid, filter)
values ('OLQ_DS_PROPS_MYSQL', 'validation.query.timeout', '自动验证连接的时间', null, 11, null, null, 'default', '0');
--OLQ_DS_PROPS_KYLIN类型
insert into T_GF_DICT (dict_type_id, dict_id, dict_name, status, sort_no, parent_id, seqno, appid, filter)
values ('OLQ_DS_PROPS_KYLIN', 'driver.class', 'kylin 驱动类', null, 1, null, null, 'default', 'org.apache.kylin.jdbc.Driver');
insert into T_GF_DICT (dict_type_id, dict_id, dict_name, status, sort_no, parent_id, seqno, appid, filter)
values ('OLQ_DS_PROPS_KYLIN', 'jdbc.url', 'kylin JDBC URL，如：' || chr(9) || ' jdbc:kylin://${ip}:${port}/${database}', null, 2, null, null, 'default', null);
insert into T_GF_DICT (dict_type_id, dict_id, dict_name, status, sort_no, parent_id, seqno, appid, filter)
values ('OLQ_DS_PROPS_KYLIN', 'password', 'kylin 密码', null, 4, null, null, 'default', null);
insert into T_GF_DICT (dict_type_id, dict_id, dict_name, status, sort_no, parent_id, seqno, appid, filter)
values ('OLQ_DS_PROPS_KYLIN', 'username', 'kylin 用户名', null, 3, null, null, 'default', null);
insert into T_GF_DICT (dict_type_id, dict_id, dict_name, status, sort_no, parent_id, seqno, appid, filter)
values ('OLQ_DS_PROPS_KYLIN', 'max.data.size', '最大数据返回条数', null, 17, null, null, 'default', '65535');
insert into T_GF_DICT (dict_type_id, dict_id, dict_name, status, sort_no, parent_id, seqno, appid, filter)
values ('OLQ_DS_PROPS_KYLIN', 'initial.size', '初始连接数', null, 5, null, null, 'default', '5');
insert into T_GF_DICT (dict_type_id, dict_id, dict_name, status, sort_no, parent_id, seqno, appid, filter)
values ('OLQ_DS_PROPS_KYLIN', 'max.active', '最大并发数', null, 8, null, null, 'default', '25');
insert into T_GF_DICT (dict_type_id, dict_id, dict_name, status, sort_no, parent_id, seqno, appid, filter)
values ('OLQ_DS_PROPS_KYLIN', 'max.idle', '最大连接数', null, 7, null, null, 'default', '50');
insert into T_GF_DICT (dict_type_id, dict_id, dict_name, status, sort_no, parent_id, seqno, appid, filter)
values ('OLQ_DS_PROPS_KYLIN', 'max.wait', '最长等待时间，单位毫秒', null, 9, null, null, 'default', '3000');
insert into T_GF_DICT (dict_type_id, dict_id, dict_name, status, sort_no, parent_id, seqno, appid, filter)
values ('OLQ_DS_PROPS_KYLIN', 'min.evictable.idle.time.millis', '空闲连接N毫秒中后释放', null, 13, null, null, 'default', '60000');
insert into T_GF_DICT (dict_type_id, dict_id, dict_name, status, sort_no, parent_id, seqno, appid, filter)
values ('OLQ_DS_PROPS_KYLIN', 'min.idle', '最小空闲连接数', null, 6, null, null, 'default', '2');
insert into T_GF_DICT (dict_type_id, dict_id, dict_name, status, sort_no, parent_id, seqno, appid, filter)
values ('OLQ_DS_PROPS_KYLIN', 'test.on.borrow', '是否从池中取出链接前进行检验', null, 15, null, null, 'default', 'false');
insert into T_GF_DICT (dict_type_id, dict_id, dict_name, status, sort_no, parent_id, seqno, appid, filter)
values ('OLQ_DS_PROPS_KYLIN', 'test.on.return', '是否在归还到池中前进行检验', null, 16, null, null, 'default', 'false');
insert into T_GF_DICT (dict_type_id, dict_id, dict_name, status, sort_no, parent_id, seqno, appid, filter)
values ('OLQ_DS_PROPS_KYLIN', 'test.while.idle', '是否被空闲链接回收器进行检验', null, 14, null, null, 'default', 'true');
insert into T_GF_DICT (dict_type_id, dict_id, dict_name, status, sort_no, parent_id, seqno, appid, filter)
values ('OLQ_DS_PROPS_KYLIN', 'time.between.eviction.runs.millis', 'N毫秒检测一次是否有死掉的线程', null, 12, null, null, 'default', '30000');
insert into T_GF_DICT (dict_type_id, dict_id, dict_name, status, sort_no, parent_id, seqno, appid, filter)
values ('OLQ_DS_PROPS_KYLIN', 'validation.query', '验证链接的SQL语句，必须能返回一行及以上数据', null, 10, null, null, 'default', 'select 1');
insert into T_GF_DICT (dict_type_id, dict_id, dict_name, status, sort_no, parent_id, seqno, appid, filter)
values ('OLQ_DS_PROPS_KYLIN', 'validation.query.timeout', '自动验证连接的时间', null, 11, null, null, 'default', '0');
--OLQ_DS_PROPS_DB2类型
insert into T_GF_DICT (dict_type_id, dict_id, dict_name, status, sort_no, parent_id, seqno, appid, filter)
values ('OLQ_DS_PROPS_DB2', 'initial.size', '初始连接数', null, 5, null, null, 'default', '5');
insert into T_GF_DICT (dict_type_id, dict_id, dict_name, status, sort_no, parent_id, seqno, appid, filter)
values ('OLQ_DS_PROPS_DB2', 'max.active', '最大并发数', null, 8, null, null, 'default', '25');
insert into T_GF_DICT (dict_type_id, dict_id, dict_name, status, sort_no, parent_id, seqno, appid, filter)
values ('OLQ_DS_PROPS_DB2', 'max.idle', '最大连接数', null, 7, null, null, 'default', '50');
insert into T_GF_DICT (dict_type_id, dict_id, dict_name, status, sort_no, parent_id, seqno, appid, filter)
values ('OLQ_DS_PROPS_DB2', 'max.wait', '最长等待时间，单位毫秒', null, 9, null, null, 'default', '3000');
insert into T_GF_DICT (dict_type_id, dict_id, dict_name, status, sort_no, parent_id, seqno, appid, filter)
values ('OLQ_DS_PROPS_DB2', 'min.evictable.idle.time.millis', '空闲连接N毫秒中后释放', null, 13, null, null, 'default', '60000');
insert into T_GF_DICT (dict_type_id, dict_id, dict_name, status, sort_no, parent_id, seqno, appid, filter)
values ('OLQ_DS_PROPS_DB2', 'min.idle', '最小空闲连接数', null, 6, null, null, 'default', '2');
insert into T_GF_DICT (dict_type_id, dict_id, dict_name, status, sort_no, parent_id, seqno, appid, filter)
values ('OLQ_DS_PROPS_DB2', 'test.on.borrow', '是否从池中取出链接前进行检验', null, 15, null, null, 'default', 'false');
insert into T_GF_DICT (dict_type_id, dict_id, dict_name, status, sort_no, parent_id, seqno, appid, filter)
values ('OLQ_DS_PROPS_DB2', 'test.on.return', '是否在归还到池中前进行检验', null, 16, null, null, 'default', 'false');
insert into T_GF_DICT (dict_type_id, dict_id, dict_name, status, sort_no, parent_id, seqno, appid, filter)
values ('OLQ_DS_PROPS_DB2', 'test.while.idle', '是否被空闲链接回收器进行检验', null, 14, null, null, 'default', 'true');
insert into T_GF_DICT (dict_type_id, dict_id, dict_name, status, sort_no, parent_id, seqno, appid, filter)
values ('OLQ_DS_PROPS_DB2', 'time.between.eviction.runs.millis', 'N毫秒检测一次是否有死掉的线程', null, 12, null, null, 'default', '30000');
insert into T_GF_DICT (dict_type_id, dict_id, dict_name, status, sort_no, parent_id, seqno, appid, filter)
values ('OLQ_DS_PROPS_DB2', 'validation.query', '验证链接的SQL语句，必须能返回一行及以上数据', null, 10, null, null, 'default', 'select 1');
insert into T_GF_DICT (dict_type_id, dict_id, dict_name, status, sort_no, parent_id, seqno, appid, filter)
values ('OLQ_DS_PROPS_DB2', 'validation.query.timeout', '自动验证连接的时间', null, 11, null, null, 'default', '0');
insert into T_GF_DICT (dict_type_id, dict_id, dict_name, status, sort_no, parent_id, seqno, appid, filter)
values ('OLQ_DS_PROPS_DB2', 'driver.class', 'db2 驱动类', null, 1, null, null, 'default', 'com.ibm.db2.jcc.DB2Driver');
insert into T_GF_DICT (dict_type_id, dict_id, dict_name, status, sort_no, parent_id, seqno, appid, filter)
values ('OLQ_DS_PROPS_DB2', 'jdbc.url', 'db2 JDBC URL，如:jdbc:db2://${ip}:${port}/${database}', null, 2, null, null, 'default', null);
insert into T_GF_DICT (dict_type_id, dict_id, dict_name, status, sort_no, parent_id, seqno, appid, filter)
values ('OLQ_DS_PROPS_DB2', 'password', 'db2 密码', null, 4, null, null, 'default', null);
insert into T_GF_DICT (dict_type_id, dict_id, dict_name, status, sort_no, parent_id, seqno, appid, filter)
values ('OLQ_DS_PROPS_DB2', 'username', 'db2 用户名', null, 3, null, null, 'default', null);
insert into T_GF_DICT (dict_type_id, dict_id, dict_name, status, sort_no, parent_id, seqno, appid, filter)
values ('OLQ_DS_PROPS_DB2', 'max.data.size', '最大数据返回条数', null, 17, null, null, 'default', '65535');
--OLQ_DS_PROPS_PGSQL类型
insert into T_GF_DICT (dict_type_id, dict_id, dict_name, status, sort_no, parent_id, seqno, appid, filter)
values ('OLQ_DS_PROPS_PGSQL', 'min.evictable.idle.time.millis', '空闲连接N毫秒中后释放', null, 13, null, null, 'default', '60000');
insert into T_GF_DICT (dict_type_id, dict_id, dict_name, status, sort_no, parent_id, seqno, appid, filter)
values ('OLQ_DS_PROPS_PGSQL', 'min.idle', '最小空闲连接数', null, 6, null, null, 'default', '2');
insert into T_GF_DICT (dict_type_id, dict_id, dict_name, status, sort_no, parent_id, seqno, appid, filter)
values ('OLQ_DS_PROPS_PGSQL', 'test.on.borrow', '是否从池中取出链接前进行检验', null, 15, null, null, 'default', 'false');
insert into T_GF_DICT (dict_type_id, dict_id, dict_name, status, sort_no, parent_id, seqno, appid, filter)
values ('OLQ_DS_PROPS_PGSQL', 'test.on.return', '是否在归还到池中前进行检验', null, 16, null, null, 'default', 'false');
insert into T_GF_DICT (dict_type_id, dict_id, dict_name, status, sort_no, parent_id, seqno, appid, filter)
values ('OLQ_DS_PROPS_PGSQL', 'test.while.idle', '是否被空闲链接回收器进行检验', null, 14, null, null, 'default', 'true');
insert into T_GF_DICT (dict_type_id, dict_id, dict_name, status, sort_no, parent_id, seqno, appid, filter)
values ('OLQ_DS_PROPS_PGSQL', 'time.between.eviction.runs.millis', 'N毫秒检测一次是否有死掉的线程', null, 12, null, null, 'default', '30000');
insert into T_GF_DICT (dict_type_id, dict_id, dict_name, status, sort_no, parent_id, seqno, appid, filter)
values ('OLQ_DS_PROPS_PGSQL', 'validation.query', '验证链接的SQL语句，必须能返回一行及以上数据', null, 10, null, null, 'default', 'select 1');
insert into T_GF_DICT (dict_type_id, dict_id, dict_name, status, sort_no, parent_id, seqno, appid, filter)
values ('OLQ_DS_PROPS_PGSQL', 'validation.query.timeout', '自动验证连接的时间', null, 11, null, null, 'default', '0');
insert into T_GF_DICT (dict_type_id, dict_id, dict_name, status, sort_no, parent_id, seqno, appid, filter)
values ('OLQ_DS_PROPS_PGSQL', 'jdbc.url', 'pgsql JDBC URL，如：jdbc:postgresql://${ip}:${port}', null, 2, null, null, 'default', null);
insert into T_GF_DICT (dict_type_id, dict_id, dict_name, status, sort_no, parent_id, seqno, appid, filter)
values ('OLQ_DS_PROPS_PGSQL', 'password', 'pgsql 密码', null, 4, null, null, 'default', null);
insert into T_GF_DICT (dict_type_id, dict_id, dict_name, status, sort_no, parent_id, seqno, appid, filter)
values ('OLQ_DS_PROPS_PGSQL', 'username', 'pgsql 用户名', null, 3, null, null, 'default', null);
insert into T_GF_DICT (dict_type_id, dict_id, dict_name, status, sort_no, parent_id, seqno, appid, filter)
values ('OLQ_DS_PROPS_PGSQL', 'driver.class', 'pgsql 驱动类', null, 1, null, null, 'default', 'org.postgresql.Driver');
insert into T_GF_DICT (dict_type_id, dict_id, dict_name, status, sort_no, parent_id, seqno, appid, filter)
values ('OLQ_DS_PROPS_PGSQL', 'initial.size', '初始连接数', null, 5, null, null, 'default', '5');
insert into T_GF_DICT (dict_type_id, dict_id, dict_name, status, sort_no, parent_id, seqno, appid, filter)
values ('OLQ_DS_PROPS_PGSQL', 'max.active', '最大并发数', null, 8, null, null, 'default', '25');
insert into T_GF_DICT (dict_type_id, dict_id, dict_name, status, sort_no, parent_id, seqno, appid, filter)
values ('OLQ_DS_PROPS_PGSQL', 'max.idle', '最大连接数', null, 7, null, null, 'default', '50');
insert into T_GF_DICT (dict_type_id, dict_id, dict_name, status, sort_no, parent_id, seqno, appid, filter)
values ('OLQ_DS_PROPS_PGSQL', 'max.wait', '最长等待时间，单位毫秒', null, 9, null, null, 'default', '3000');
insert into T_GF_DICT (dict_type_id, dict_id, dict_name, status, sort_no, parent_id, seqno, appid, filter)
values ('OLQ_DS_PROPS_PGSQL', 'max.data.size', '最大数据返回条数', null, 17, null, null, 'default', '65535');

--OLQ max.data.size类型
insert into T_GF_DICT (dict_type_id, dict_id, dict_name, status, sort_no, parent_id, seqno, appid, filter)
values ('OLQ_DS_PROPS_HIVE', 'max.data.size', '最大数据返回条数', null, 17, null, null, 'default', '65535');
insert into T_GF_DICT (dict_type_id, dict_id, dict_name, status, sort_no, parent_id, seqno, appid, filter)
values ('OLQ_DS_PROPS_IMPALA', 'max.data.size', '最大数据返回条数', null, 17, null, null, 'default', '65535');
-----------------------------------------------------------
--交互查询更新


--IQ新增Redis类型数据源支持
insert into T_GF_DICT (dict_type_id, dict_id, dict_name, status, sort_no, parent_id, seqno, appid, filter)
values ('IQ_DS_TYPE', 'REDIS', 'REDIS', null, 4, null, null, 'default', null);
--IQ_IMPL_CLASS类型
insert into T_GF_DICT (dict_type_id, dict_id, dict_name, status, sort_no, parent_id, seqno, appid, filter)
values ('IQ_IMPL_CLASS', 'REDIS', 'com.hex.bigdata.udsp.iq.provider.impl.RedisProvider', null, 4, null, null, 'default', '交互查询redis接口实现类');

--IQ_DS_PROPS_REDIS参数类型
insert into T_GF_DICT_TYPE (dict_type_id, dict_type_name, appid)
values ('IQ_DS_PROPS_REDIS', '交互查询redis查询', 'default');

--IQ_DS_PROPS_REDIS类型
insert into T_GF_DICT (dict_type_id, dict_id, dict_name, status, sort_no, parent_id, seqno, appid, filter)
values ('IQ_DS_PROPS_REDIS', 'redis.connection.ip', 'redis连接ip地址', null, 1, null, null, 'default', null);
insert into T_GF_DICT (dict_type_id, dict_id, dict_name, status, sort_no, parent_id, seqno, appid, filter)
values ('IQ_DS_PROPS_REDIS', 'redis.connection.password', 'redis连接密码', null, 4, null, null, 'default', null);
insert into T_GF_DICT (dict_type_id, dict_id, dict_name, status, sort_no, parent_id, seqno, appid, filter)
values ('IQ_DS_PROPS_REDIS', 'redis.max.wait', 'redis连接最长等待时间', null, 7, null, null, 'default', '1000');
insert into T_GF_DICT (dict_type_id, dict_id, dict_name, status, sort_no, parent_id, seqno, appid, filter)
values ('IQ_DS_PROPS_REDIS', 'redis.test.on.brrow', 'redis连接是否检查连通性', null, 9, null, null, 'default', 'true');
insert into T_GF_DICT (dict_type_id, dict_id, dict_name, status, sort_no, parent_id, seqno, appid, filter)
values ('IQ_DS_PROPS_REDIS', 'redis.connection.user', 'redis连接用户名', null, 3, null, null, 'default', null);
insert into T_GF_DICT (dict_type_id, dict_id, dict_name, status, sort_no, parent_id, seqno, appid, filter)
values ('IQ_DS_PROPS_REDIS', 'redis.connection.port', 'redis连接端口号', null, 2, null, null, 'default', null);
insert into T_GF_DICT (dict_type_id, dict_id, dict_name, status, sort_no, parent_id, seqno, appid, filter)
values ('IQ_DS_PROPS_REDIS', 'redis.max.idle', 'redis连接最大空闲数', null, 5, null, null, 'default', '10000');
insert into T_GF_DICT (dict_type_id, dict_id, dict_name, status, sort_no, parent_id, seqno, appid, filter)
values ('IQ_DS_PROPS_REDIS', 'redis.max.timeOut', 'redis连接最大超时时间', null, 6, null, null, 'default', null);
insert into T_GF_DICT (dict_type_id, dict_id, dict_name, status, sort_no, parent_id, seqno, appid, filter)
values ('IQ_DS_PROPS_REDIS', 'redis.max.total', 'redis连接池最大连接数', null, 8, null, null, 'default', '20000');
insert into T_GF_DICT (dict_type_id, dict_id, dict_name, status, sort_no, parent_id, seqno, appid, filter)
values ('IQ_DS_PROPS_REDIS', 'redis.seprator', '结果数据分隔符', null, 10, null, null, 'default', '\\007');
insert into T_GF_DICT (dict_type_id, dict_id, dict_name, status, sort_no, parent_id, seqno, appid, filter)
values ('IQ_DS_PROPS_REDIS', 'redis.max.data.size', 'redis查询返回数据最大条数', null, 11, null, null, 'default', '65535');

--IQ_DS_PROPS_SOLR_HBASE类型
insert into T_GF_DICT (dict_type_id, dict_id, dict_name, status, sort_no, parent_id, seqno, appid, filter)
values ('IQ_DS_PROPS_SOLR_HBASE', 'hbase.family.name', 'hbase列族名字', null, 4, null, null, 'default', 'f');
insert into T_GF_DICT (dict_type_id, dict_id, dict_name, status, sort_no, parent_id, seqno, appid, filter)
values ('IQ_DS_PROPS_SOLR_HBASE', 'hbase.qulifier.name', 'hbase列名', null, 5, null, null, 'default', 'q');
insert into T_GF_DICT (dict_type_id, dict_id, dict_name, status, sort_no, parent_id, seqno, appid, filter)
values ('IQ_DS_PROPS_SOLR_HBASE', 'hbase.fqSep', '字段分隔符', null, 6, null, null, 'default', '\\007');
insert into T_GF_DICT (dict_type_id, dict_id, dict_name, status, sort_no, parent_id, seqno, appid, filter)
values ('IQ_DS_PROPS_SOLR_HBASE', 'max.data.size', '最大返回数', null, 7, null, null, 'default', '65535');

--IQ_APP_QUERY_COL_OPERATOR类型
insert into T_GF_DICT (dict_type_id, dict_id, dict_name, status, sort_no, parent_id, seqno, appid, filter)
values ('IQ_APP_QUERY_COL_OPERATOR', 'in', 'in查询', null, 8, null, null, 'default', null);
insert into T_GF_DICT (dict_type_id, dict_id, dict_name, status, sort_no, parent_id, seqno, appid, filter)
values ('IQ_APP_QUERY_COL_OPERATOR', 'right like', 'like右查询', null, 9, null, null, 'default', null);

--IQ_DS_PROPS_SOLR类型参数新增
insert into T_GF_DICT (dict_type_id, dict_id, dict_name, status, sort_no, parent_id, seqno, appid, filter)
values ('IQ_DS_PROPS_SOLR', 'solr.max.data.size', '最大返回数', null, 2, null, null, 'default', '65535');

--IQ_DS_PROPS_HBASE类型参数更新
insert into T_GF_DICT (dict_type_id, dict_id, dict_name, status, sort_no, parent_id, seqno, appid, filter)
values ('IQ_DS_PROPS_HBASE', 'hbase.max.data.size', '最大返回数', null, 3, null, null, 'default', '65536');
insert into T_GF_DICT (dict_type_id, dict_id, dict_name, status, sort_no, parent_id, seqno, appid, filter)
values ('IQ_DS_PROPS_HBASE', 'hbase.fq.dsv.seprator', '结果数据分隔符，如：|、||、\\007、\\t、\\036', null, 8, null, null, 'default', '\\007');
insert into T_GF_DICT (dict_type_id, dict_id, dict_name, status, sort_no, parent_id, seqno, appid, filter)
values ('IQ_DS_PROPS_HBASE', 'hbase.qulifier.name', 'hbase列名', null, 6, null, null, 'default', 'q');
insert into T_GF_DICT (dict_type_id, dict_id, dict_name, status, sort_no, parent_id, seqno, appid, filter)
values ('IQ_DS_PROPS_HBASE', 'hbase.family.name', 'hbase族名', null, 5, null, null, 'default', 'f');
insert into T_GF_DICT (dict_type_id, dict_id, dict_name, status, sort_no, parent_id, seqno, appid, filter)
values ('IQ_DS_PROPS_HBASE', 'hbase.fq.data.type', '结果数据类型，可选dsv、json，如果为dsv时hbase.fq.dsv.seprator生效', null, 7, null, null, 'default', 'dsv');


------------------------------------------------------------------------------
--联机查询应用更新
--UDSP_SERVICE_TYPE
insert into T_GF_DICT (dict_type_id, dict_id, dict_name, status, sort_no, parent_id, seqno, appid, filter)
values ('UDSP_SERVICE_TYPE', 'OLQ_APP', '联机查询应用', null, 6, null, null, 'default', null);

insert into T_GF_DICT_TYPE (dict_type_id, dict_type_name, appid)
values ('OlQ_APP_COL_DATA_TYPE', '联机查应用数据列类型', 'default');

--OlQ_APP_COL_DATA_TYPE类型
insert into T_GF_DICT (dict_type_id, dict_id, dict_name, status, sort_no, parent_id, seqno, appid, filter)
values ('OlQ_APP_COL_DATA_TYPE', 'STRING', 'STRING', null, 2, null, null, 'default', null);
insert into T_GF_DICT (dict_type_id, dict_id, dict_name, status, sort_no, parent_id, seqno, appid, filter)
values ('OlQ_APP_COL_DATA_TYPE', 'DECIMAL', 'DECIMAL', null, 3, null, null, 'default', null);
insert into T_GF_DICT (dict_type_id, dict_id, dict_name, status, sort_no, parent_id, seqno, appid, filter)
values ('OlQ_APP_COL_DATA_TYPE', 'INT', 'INT', null, 5, null, null, 'default', null);
insert into T_GF_DICT (dict_type_id, dict_id, dict_name, status, sort_no, parent_id, seqno, appid, filter)
values ('OlQ_APP_COL_DATA_TYPE', 'SMALLINT', 'SMALLINT', null, 7, null, null, 'default', null);
insert into T_GF_DICT (dict_type_id, dict_id, dict_name, status, sort_no, parent_id, seqno, appid, filter)
values ('OlQ_APP_COL_DATA_TYPE', 'FLOAT', 'FLOAT', null, 9, null, null, 'default', null);
insert into T_GF_DICT (dict_type_id, dict_id, dict_name, status, sort_no, parent_id, seqno, appid, filter)
values ('OlQ_APP_COL_DATA_TYPE', 'TIMESTAMP', 'TIMESTAMP', null, 11, null, null, 'default', null);
insert into T_GF_DICT (dict_type_id, dict_id, dict_name, status, sort_no, parent_id, seqno, appid, filter)
values ('OlQ_APP_COL_DATA_TYPE', 'VARCHAR', 'VARCHAR', null, 1, null, null, 'default', null);
insert into T_GF_DICT (dict_type_id, dict_id, dict_name, status, sort_no, parent_id, seqno, appid, filter)
values ('OlQ_APP_COL_DATA_TYPE', 'CHAR', 'CHAR', null, 4, null, null, 'default', null);
insert into T_GF_DICT (dict_type_id, dict_id, dict_name, status, sort_no, parent_id, seqno, appid, filter)
values ('OlQ_APP_COL_DATA_TYPE', 'BIGINT', 'BIGINT', null, 6, null, null, 'default', null);
insert into T_GF_DICT (dict_type_id, dict_id, dict_name, status, sort_no, parent_id, seqno, appid, filter)
values ('OlQ_APP_COL_DATA_TYPE', 'BOOLEAN', 'BOOLEAN', null, 8, null, null, 'default', null);
insert into T_GF_DICT (dict_type_id, dict_id, dict_name, status, sort_no, parent_id, seqno, appid, filter)
values ('OlQ_APP_COL_DATA_TYPE', 'TINYINT', 'TINYINT', null, 10, null, null, 'default', null);

--UDSP_COMMON_DATA_TYPE表更新数据
insert into T_GF_DICT_TYPE (dict_type_id, dict_type_name, appid)
values ('UDSP_COMMON_DATA_TYPE', 'UDSP数据类型', 'default');
--UDSP_COMMON_DATA_TYPE类型
insert into T_GF_DICT (dict_type_id, dict_id, dict_name, status, sort_no, parent_id, seqno, appid, filter)
values ('UDSP_COMMON_DATA_TYPE', 'VARCHAR', 'VARCHAR', null, 1, null, null, 'default', null);
insert into T_GF_DICT (dict_type_id, dict_id, dict_name, status, sort_no, parent_id, seqno, appid, filter)
values ('UDSP_COMMON_DATA_TYPE', 'CHAR', 'CHAR', null, 4, null, null, 'default', null);
insert into T_GF_DICT (dict_type_id, dict_id, dict_name, status, sort_no, parent_id, seqno, appid, filter)
values ('UDSP_COMMON_DATA_TYPE', 'BIGINT', 'BIGINT', null, 6, null, null, 'default', null);
insert into T_GF_DICT (dict_type_id, dict_id, dict_name, status, sort_no, parent_id, seqno, appid, filter)
values ('UDSP_COMMON_DATA_TYPE', 'BOOLEAN', 'BOOLEAN', null, 8, null, null, 'default', null);
insert into T_GF_DICT (dict_type_id, dict_id, dict_name, status, sort_no, parent_id, seqno, appid, filter)
values ('UDSP_COMMON_DATA_TYPE', 'TINYINT', 'TINYINT', null, 10, null, null, 'default', null);
insert into T_GF_DICT (dict_type_id, dict_id, dict_name, status, sort_no, parent_id, seqno, appid, filter)
values ('UDSP_COMMON_DATA_TYPE', 'STRING', 'STRING', null, 2, null, null, 'default', null);
insert into T_GF_DICT (dict_type_id, dict_id, dict_name, status, sort_no, parent_id, seqno, appid, filter)
values ('UDSP_COMMON_DATA_TYPE', 'DECIMAL', 'DECIMAL', null, 3, null, null, 'default', null);
insert into T_GF_DICT (dict_type_id, dict_id, dict_name, status, sort_no, parent_id, seqno, appid, filter)
values ('UDSP_COMMON_DATA_TYPE', 'INT', 'INT', null, 5, null, null, 'default', null);
insert into T_GF_DICT (dict_type_id, dict_id, dict_name, status, sort_no, parent_id, seqno, appid, filter)
values ('UDSP_COMMON_DATA_TYPE', 'SMALLINT', 'SMALLINT', null, 7, null, null, 'default', null);
insert into T_GF_DICT (dict_type_id, dict_id, dict_name, status, sort_no, parent_id, seqno, appid, filter)
values ('UDSP_COMMON_DATA_TYPE', 'FLOAT', 'FLOAT', null, 9, null, null, 'default', null);
insert into T_GF_DICT (dict_type_id, dict_id, dict_name, status, sort_no, parent_id, seqno, appid, filter)
values ('UDSP_COMMON_DATA_TYPE', 'TIMESTAMP', 'TIMESTAMP', null, 11, null, null, 'default', null);


-------------------------------------------------------------------------------------------------------
--按钮注册
--T_GF_FUNCATION表更新数据
insert into T_GF_FUNCATION (func_id, func_code, func_name, is_func, displayorder, url_acction, parent_func_id, appid)
values ('16011', 'OLQ.qm.testapp.search', '联机查询>OLQ应用测试>查询', null, null, null, null, 'default');
insert into T_GF_FUNCATION (func_id, func_code, func_name, is_func, displayorder, url_acction, parent_func_id, appid)
values ('16021', 'OLQ.qm.testapp.download', '联机查询>OLQ应用测试>下载', null, null, null, null, 'default');
insert into T_GF_FUNCATION (func_id, func_code, func_name, is_func, displayorder, url_acction, parent_func_id, appid)
values ('15011', 'OLQ.cm.app.list.add', '联机查询>应用配置>新增', null, null, null, null, 'default');
insert into T_GF_FUNCATION (func_id, func_code, func_name, is_func, displayorder, url_acction, parent_func_id, appid)
values ('15021', 'OLQ.cm.app.list.edit', '联机查询>应用配置>编辑', null, null, null, null, 'default');
insert into T_GF_FUNCATION (func_id, func_code, func_name, is_func, displayorder, url_acction, parent_func_id, appid)
values ('15031', 'OLQ.cm.app.list.remove', '联机查询>应用配置>删除', null, null, null, null, 'default');

------------------------------------------------
--菜单注册
--T_GF_MENU表更新数据
insert into T_GF_MENU (menuid, menuname, menulabel, menucode, isleaf, parameter, displayorder, app_id, menu_action, parentmenuid, menu_icon)
values ('110001', 'OLQ应用配置', null, 'olq.application.config', '1', null, 20, 'default', 'olq.cm.app.list', '100081', null);
insert into T_GF_MENU (menuid, menuname, menulabel, menucode, isleaf, parameter, displayorder, app_id, menu_action, parentmenuid, menu_icon)
values ('111011', 'OLQ应用测试', null, 'olq.qm.app', '1', null, 30, 'default', 'olq.qm.olqApps', '100011', 'fa fa-dashboard');