-- 页面信息
insert into T_GF_MENU (menuid, menuname, menulabel, menucode, isleaf, parameter, displayorder, app_id, menu_action, parentmenuid, menu_icon)
values ('100001', '交互查询', null, 'iq.core', '2', null, 101, 'default', null, 'root', null);

insert into T_GF_MENU (menuid, menuname, menulabel, menucode, isleaf, parameter, displayorder, app_id, menu_action, parentmenuid, menu_icon)
values ('100041', 'IQ配置管理', null, 'iq.cm', '2', null, 10, 'default', null, '100001', null);
insert into T_GF_MENU (menuid, menuname, menulabel, menucode, isleaf, parameter, displayorder, app_id, menu_action, parentmenuid, menu_icon)
values ('100061', 'IQ数据源配置', null, 'iq.cm.ds', '1', null, 1, 'default', 'com.ds.list?model=IQ', '100041', 'fa fa-database');
insert into T_GF_MENU (menuid, menuname, menulabel, menucode, isleaf, parameter, displayorder, app_id, menu_action, parentmenuid, menu_icon)
values ('100071', 'IQ元数据配置', null, 'iq.cm.md', '1', null, 2, 'default', 'iq.cm.md.list', '100041', 'fa fa-cubes');
insert into T_GF_MENU (menuid, menuname, menulabel, menucode, isleaf, parameter, displayorder, app_id, menu_action, parentmenuid, menu_icon)
values ('100161', 'IQ应用配置', null, 'iq.cm.app', '1', null, 3, 'default', 'iq.cm.app.list', '100041', 'fa fa-list');

insert into T_GF_MENU (menuid, menuname, menulabel, menucode, isleaf, parameter, displayorder, app_id, menu_action, parentmenuid, menu_icon)
values ('100051', 'IQ应用测试', null, 'iq.qm', '1', null, 20, 'default', 'iq.qm.test', '100001', 'fa fa-dashboard');

commit;

-- 功能信息
insert into T_GF_FUNCATION (func_id, func_code, func_name, is_func, displayorder, url_acction, parent_func_id, appid)
values ('31', 'IQ.cm.ds.list.add', '交互查询>配置管理>数据源配置>添加', null, null, null, null, 'default');
insert into T_GF_FUNCATION (func_id, func_code, func_name, is_func, displayorder, url_acction, parent_func_id, appid)
values ('41', 'IQ.cm.ds.list.edit', '交互查询>配置管理>数据源配置>编辑', null, null, null, null, 'default');
insert into T_GF_FUNCATION (func_id, func_code, func_name, is_func, displayorder, url_acction, parent_func_id, appid)
values ('51', 'IQ.cm.ds.list.remove', '交互查询>配置管理>数据源配置>删除', null, null, null, null, 'default');

insert into T_GF_FUNCATION (func_id, func_code, func_name, is_func, displayorder, url_acction, parent_func_id, appid)
values ('13011', 'IQ.cm.md.list.add', '交互查询>配置管理>元数据配置>添加', null, null, null, null, 'default');
insert into T_GF_FUNCATION (func_id, func_code, func_name, is_func, displayorder, url_acction, parent_func_id, appid)
values ('13021', 'IQ.cm.md.list.edit', '交互查询>配置管理>元数据配置>编辑', null, null, null, null, 'default');
insert into T_GF_FUNCATION (func_id, func_code, func_name, is_func, displayorder, url_acction, parent_func_id, appid)
values ('13031', 'IQ.cm.md.list.remove', '交互查询>配置管理>元数据配置>删除', null, null, null, null, 'default');
insert into T_GF_FUNCATION (func_id, func_code, func_name, is_func, displayorder, url_acction, parent_func_id, appid)
values ('17041', 'IQ.cm.md.link', '交互查询>元数据配置>关联目标元数据', null, null, null, null, 'default');

insert into T_GF_FUNCATION (func_id, func_code, func_name, is_func, displayorder, url_acction, parent_func_id, appid)
values ('13041', 'IQ.cm.app.list.add', '交互查询>配置管理>应用配置>添加', null, null, null, null, 'default');
insert into T_GF_FUNCATION (func_id, func_code, func_name, is_func, displayorder, url_acction, parent_func_id, appid)
values ('13051', 'IQ.cm.app.list.edit', '交互查询>配置管理>应用配置>编辑', null, null, null, null, 'default');
insert into T_GF_FUNCATION (func_id, func_code, func_name, is_func, displayorder, url_acction, parent_func_id, appid)
values ('13061', 'IQ.cm.app.list.remove', '交互查询>配置管理>应用配置>删除', null, null, null, null, 'default');

insert into T_GF_FUNCATION (func_id, func_code, func_name, is_func, displayorder, url_acction, parent_func_id, appid)
values ('14011', 'IQ.qm.test.search', '交互查询>应用测试>查询', null, null, null, null, 'default');
insert into T_GF_FUNCATION (func_id, func_code, func_name, is_func, displayorder, url_acction, parent_func_id, appid)
values ('14141', 'RTS.qm.producer.test', '实时流>应用测试>生产者测试', null, null, null, null, 'default');
insert into T_GF_FUNCATION (func_id, func_code, func_name, is_func, displayorder, url_acction, parent_func_id, appid)
values ('14031', 'IQ.qm.test.download', '交互查询>应用测试>下载', null, null, null, null, 'default');

insert into T_GF_FUNCATION (func_id, func_code, func_name, is_func, displayorder, url_acction, parent_func_id, appid)
values ('14041', 'IQ.qm.app.search', '交互查询>应用实例>查询', null, null, null, null, 'default');
insert into T_GF_FUNCATION (func_id, func_code, func_name, is_func, displayorder, url_acction, parent_func_id, appid)
values ('14061', 'IQ.qm.app.download', '交互查询>应用实例>下载', null, null, null, null, 'default');

insert into T_GF_FUNCATION (func_id, func_code, func_name, is_func, displayorder, url_acction, parent_func_id, appid)
values ('14062', 'IQ.flow', '交互查询>操作流程', null, null, null, null, 'default');

commit;

-- 字典信息
insert into T_GF_DICT_TYPE (dict_type_id, dict_type_name, appid)
values ('IQ_APP_ORDER_COL_TYPE', '交互查询-应用配置-排序字段-排序类型', 'default');
insert into T_GF_DICT (dict_type_id, dict_id, dict_name, status, sort_no, parent_id, seqno, appid, filter)
values ('IQ_APP_ORDER_COL_TYPE', 'ASC', 'ASC', null, 1, null, null, 'default', null);
insert into T_GF_DICT (dict_type_id, dict_id, dict_name, status, sort_no, parent_id, seqno, appid, filter)
values ('IQ_APP_ORDER_COL_TYPE', 'DESC', 'DESC', null, 2, null, null, 'default', null);

insert into T_GF_DICT_TYPE (dict_type_id, dict_type_name, appid)
values ('IQ_APP_QUERY_COL_OPERATOR', '交互查询-应用配置-查询字段-操作符', 'default');
insert into T_GF_DICT (dict_type_id, dict_id, dict_name, status, sort_no, parent_id, seqno, appid, filter)
values ('IQ_APP_QUERY_COL_OPERATOR', '==', '等于', null, 1, null, null, 'default', null);
insert into T_GF_DICT (dict_type_id, dict_id, dict_name, status, sort_no, parent_id, seqno, appid, filter)
values ('IQ_APP_QUERY_COL_OPERATOR', 'like', '模糊匹配', null, 7, null, null, 'default', null);
insert into T_GF_DICT (dict_type_id, dict_id, dict_name, status, sort_no, parent_id, seqno, appid, filter)
values ('IQ_APP_QUERY_COL_OPERATOR', '>', '大于', null, 3, null, null, 'default', null);
insert into T_GF_DICT (dict_type_id, dict_id, dict_name, status, sort_no, parent_id, seqno, appid, filter)
values ('IQ_APP_QUERY_COL_OPERATOR', '<', '小于', null, 4, null, null, 'default', null);
insert into T_GF_DICT (dict_type_id, dict_id, dict_name, status, sort_no, parent_id, seqno, appid, filter)
values ('IQ_APP_QUERY_COL_OPERATOR', '>=', '大于等于', null, 5, null, null, 'default', null);
insert into T_GF_DICT (dict_type_id, dict_id, dict_name, status, sort_no, parent_id, seqno, appid, filter)
values ('IQ_APP_QUERY_COL_OPERATOR', '<=', '小于等于', null, 6, null, null, 'default', null);
insert into T_GF_DICT (dict_type_id, dict_id, dict_name, status, sort_no, parent_id, seqno, appid, filter)
values ('IQ_APP_QUERY_COL_OPERATOR', '!=', '不等于', null, 2, null, null, 'default', null);
insert into T_GF_DICT (dict_type_id, dict_id, dict_name, status, sort_no, parent_id, seqno, appid, filter)
values ('IQ_APP_QUERY_COL_OPERATOR', 'in', 'in查询', null, 8, null, null, 'default', null);
insert into T_GF_DICT (dict_type_id, dict_id, dict_name, status, sort_no, parent_id, seqno, appid, filter)
values ('IQ_APP_QUERY_COL_OPERATOR', 'right like', 'like右查询', null, 9, null, null, 'default', null);

insert into T_GF_DICT_TYPE (dict_type_id, dict_type_name, appid)
values ('IQ_APP_RETURN_COL_STATS', '交互查询-应用配置-返回字段-统计函数', 'default');
insert into T_GF_DICT (dict_type_id, dict_id, dict_name, status, sort_no, parent_id, seqno, appid, filter)
values ('IQ_APP_RETURN_COL_STATS', 'none', 'none', null, 1, null, null, 'default', null);
insert into T_GF_DICT (dict_type_id, dict_id, dict_name, status, sort_no, parent_id, seqno, appid, filter)
values ('IQ_APP_RETURN_COL_STATS', 'count', 'count', null, 2, null, null, 'default', null);
insert into T_GF_DICT (dict_type_id, dict_id, dict_name, status, sort_no, parent_id, seqno, appid, filter)
values ('IQ_APP_RETURN_COL_STATS', 'sum', 'sum', null, 3, null, null, 'default', null);
insert into T_GF_DICT (dict_type_id, dict_id, dict_name, status, sort_no, parent_id, seqno, appid, filter)
values ('IQ_APP_RETURN_COL_STATS', 'avg', 'avg', null, 4, null, null, 'default', null);
insert into T_GF_DICT (dict_type_id, dict_id, dict_name, status, sort_no, parent_id, seqno, appid, filter)
values ('IQ_APP_RETURN_COL_STATS', 'max', 'max', null, 5, null, null, 'default', null);
insert into T_GF_DICT (dict_type_id, dict_id, dict_name, status, sort_no, parent_id, seqno, appid, filter)
values ('IQ_APP_RETURN_COL_STATS', 'min', 'min', null, 6, null, null, 'default', null);
insert into T_GF_DICT (dict_type_id, dict_id, dict_name, status, sort_no, parent_id, seqno, appid, filter)
values ('IQ_APP_RETURN_COL_STATS', 'concat', 'concat', null, 7, null, null, 'default', null);

insert into T_GF_DICT_TYPE (dict_type_id, dict_type_name, appid)
values ('IQ_MD_COL_DATA_TYPE', '交互查询-元数据配置-字段数据类型', 'default');
insert into T_GF_DICT (dict_type_id, dict_id, dict_name, status, sort_no, parent_id, seqno, appid, filter)
values ('IQ_MD_COL_DATA_TYPE', 'VARCHAR', 'VARCHAR', null, 1, null, null, 'default', null);
insert into T_GF_DICT (dict_type_id, dict_id, dict_name, status, sort_no, parent_id, seqno, appid, filter)
values ('IQ_MD_COL_DATA_TYPE', 'STRING', 'STRING', null, 2, null, null, 'default', null);
insert into T_GF_DICT (dict_type_id, dict_id, dict_name, status, sort_no, parent_id, seqno, appid, filter)
values ('IQ_MD_COL_DATA_TYPE', 'DECIMAL', 'DECIMAL', null, 3, null, null, 'default', null);
insert into T_GF_DICT (dict_type_id, dict_id, dict_name, status, sort_no, parent_id, seqno, appid, filter)
values ('IQ_MD_COL_DATA_TYPE', 'CHAR', 'CHAR', null, 4, null, null, 'default', null);
insert into T_GF_DICT (dict_type_id, dict_id, dict_name, status, sort_no, parent_id, seqno, appid, filter)
values ('IQ_MD_COL_DATA_TYPE', 'INT', 'INT', null, 5, null, null, 'default', null);
insert into T_GF_DICT (dict_type_id, dict_id, dict_name, status, sort_no, parent_id, seqno, appid, filter)
values ('IQ_MD_COL_DATA_TYPE', 'BIGINT', 'BIGINT', null, 6, null, null, 'default', null);
insert into T_GF_DICT (dict_type_id, dict_id, dict_name, status, sort_no, parent_id, seqno, appid, filter)
values ('IQ_MD_COL_DATA_TYPE', 'SMALLINT', 'SMALLINT', null, 7, null, null, 'default', null);
insert into T_GF_DICT (dict_type_id, dict_id, dict_name, status, sort_no, parent_id, seqno, appid, filter)
values ('IQ_MD_COL_DATA_TYPE', 'BOOLEAN', 'BOOLEAN', null, 8, null, null, 'default', null);
insert into T_GF_DICT (dict_type_id, dict_id, dict_name, status, sort_no, parent_id, seqno, appid, filter)
values ('IQ_MD_COL_DATA_TYPE', 'DOUBLE', 'DOUBLE', null, 9, null, null, 'default', null);
insert into T_GF_DICT (dict_type_id, dict_id, dict_name, status, sort_no, parent_id, seqno, appid, filter)
values ('IQ_MD_COL_DATA_TYPE', 'FLOAT', 'FLOAT', null, 10, null, null, 'default', null);
insert into T_GF_DICT (dict_type_id, dict_id, dict_name, status, sort_no, parent_id, seqno, appid, filter)
values ('IQ_MD_COL_DATA_TYPE', 'TINYINT', 'TINYINT', null, 11, null, null, 'default', null);
insert into T_GF_DICT (dict_type_id, dict_id, dict_name, status, sort_no, parent_id, seqno, appid, filter)
values ('IQ_MD_COL_DATA_TYPE', 'TIMESTAMP', 'TIMESTAMP', null, 12, null, null, 'default', null);

insert into T_GF_DICT_TYPE (dict_type_id, dict_type_name, appid)
values ('IQ_MD_COL_TYPE', '交互查询-元数据配置-字段信息-所属类型', 'default');
insert into T_GF_DICT (dict_type_id, dict_id, dict_name, status, sort_no, parent_id, seqno, appid, filter)
values ('IQ_MD_COL_TYPE', '1', '查询字段', null, 1, null, null, 'default', null);
insert into T_GF_DICT (dict_type_id, dict_id, dict_name, status, sort_no, parent_id, seqno, appid, filter)
values ('IQ_MD_COL_TYPE', '2', '返回字段', null, 2, null, null, 'default', null);

insert into T_GF_DICT_TYPE (dict_type_id, dict_type_name, appid)
values ('IQ_APP_QUERY_COL_EXPRESSION', '交互查询-应用配置-查询字段-表达式', 'default');
insert into T_GF_DICT (dict_type_id, dict_id, dict_name, status, sort_no, parent_id, seqno, appid, filter)
values ('IQ_APP_QUERY_COL_EXPRESSION', '${maxValue}', '最大值', null, 1, null, null, 'default', null);

insert into T_GF_DICT_TYPE (dict_type_id, dict_type_name, appid)
values ('IQ_DS_TYPE', '交互查询-数据源类型', 'default');

insert into T_GF_DICT_TYPE (dict_type_id, dict_type_name, appid)
values ('IQ_IMPL_CLASS', '交互查询-接口实现类', 'default');

insert into T_GF_DICT (dict_type_id, dict_id, dict_name, status, sort_no, parent_id, seqno, appid, filter)
values ('UDSP_SERVICE_TYPE', 'IQ', '交互查询', null, 1, null, null, 'default', null);
insert into T_GF_DICT (dict_type_id, dict_id, dict_name, status, sort_no, parent_id, seqno, appid, filter)
values ('UDSP_SERVICE_TYPE', 'IQ_DSL', '交互查询DSL', null, 8, null, null, 'default', null);

commit;
